stories_id,publish_date,title,url,language,ap_syndicated,themes,media_id,media_name,media_url
"53151565","2026-01-21 05:44:30","Ethiopian asylum seeker, 23, 'sexually assaulted worker' at migrant hotel hit by protests","https://www.dailymail.co.uk/news/article-15483751/Ethiopian-asylum-seeker-sexually-assaulted-worker-migrant-hotel.html?ns_mchannel=rss&ns_campaign=1490&ito=1490","en","False","","564","Johannesburg News.Net","https://www.johannesburgnews.net"
"53180978","2026-01-22 02:51:19","Ethiopian drone strike kills over 35 allied fighters in Amhara","https://eastleighvoice.co.ke/ethiopia/276923/ethiopian-drone-strike-kills-over-35-allied-fighters-in-amhara","en","False","","16532","The Eastleigh Voice News: Authentic Journalism Redefined - Kenya, Business, Sports, Opinions & health","https://eastleighvoice.co.ke/"
"53181477","2026-01-22 05:56:29","Political Commitment and Digital Transformation Driving Revenue Reform in Addis Ababa – Mayor","https://www.fanamc.com/english/political-commitment-and-digital-transformation-driving-revenue-reform-in-addis-ababa-mayor83853-2/?utm_source=rss&utm_medium=rss&utm_campaign=political-commitment-and-digital-transformation-driving-revenue-reform-in-addis-ababa-mayor83853-2","en","False","","1121","Fana Broadcasting Corporate S.C","https://www.fanabc.com/english/"
"53181475","2026-01-22 05:56:29","Political Commitment and Digital Transformation Driving Revenue Reform in Addis Ababa – Mayor","https://www.fanamc.com/english/political-commitment-and-digital-transformation-driving-revenue-reform-in-addis-ababa-mayor83853-2/?utm_source=rss&utm_medium=rss&utm_campaign=political-commitment-and-digital-transformation-driving-revenue-reform-in-addis-ababa-mayor83853-2","en","False","","13501","Live","https://www.fanabc.com/english/live/#1570532799165-c7292457-e892"
"53217891","2026-01-23 03:26:14","I would have stopped Ethiopia  from building the world’s largest Dam, but Joe Biden rigged the election – Donald Trump","https://zambianobserver.com/i-would-have-stopped-ethiopia-%ef%87%aa%ef%87%b9-from-building-the-worlds-largest-dam-but-joe-biden-rigged-the-election-donald-trump/","en","False","","7914","zambianobserver.com","http://zambianobserver.com/"
"53310786","2026-01-28 07:41:28","Ethiopia Arrests 22 Over Human Trafficking","https://newscentraltv.com/ethiopia-arrests-22-over-human-trafficking/","en","False","","16766","Latest Breaking News - News Central TV | Latest Breaking News Across Africa, Daily News in Nigeria, South Africa, Ghana, Kenya a","https://newscentral.africa/"
"53312908","2026-01-28 08:07:25","Ethiopia to Hold Digitally Supported General Election in June 2026","https://ethionegari.com/2026/01/28/ethiopia-to-hold-digitally-supported-general-election-in-june-2026/","en","False","","16449","Ethio Negari","https://ethionegari.com/"
"53332294","2026-01-29 05:05:03","Ethiopian Airlines suspends flights to Tigray amid security concerns","https://eastleighvoice.co.ke/ethiopia/282443/ethiopian-airlines-suspends-flights-to-tigray-amid-security-concerns","en","False","","16532","The Eastleigh Voice News: Authentic Journalism Redefined - Kenya, Business, Sports, Opinions & health","https://eastleighvoice.co.ke/"
"53332469","2026-01-29 05:12:40","Ethiopian Airlines oo hakisay duulimaadyadii ay ku tagi jirtay waqooyiga gobolka Tigray","https://jowhar.com/ethiopian-airlines-oo-hakisay-duulimaadyadii-ay-ku-tagi-jirtay-waqooyiga-gobolka-tigray/","so","False","","10249","Jowhar somali news leader","https://www.jowhar.com/"
"53332467","2026-01-29 05:12:40","Ethiopian Airlines oo hakisay duulimaadyadii ay ku tagi jirtay waqooyiga gobolka Tigray","https://jowhar.com/ethiopian-airlines-oo-hakisay-duulimaadyadii-ay-ku-tagi-jirtay-waqooyiga-gobolka-tigray/","so","False","","10248","NEWS ENGLISH Archives - Jowhar somali news leader","https://www.jowhar.com/news-english"
"53333151","2026-01-29 05:31:00","Ethiopian Airlines cancels flights to Tigray region after clashes","https://www.dailymaverick.co.za/article/ethiopian-airlines-cancels-flights-to-tigray-region-after-clashes","en","False","","510","News South Africa","https://news.co.za"
"53333280","2026-01-29 07:31:32","Ethiopian Airlines cancels flights to Tigray region after clashes","https://www.dailymaverick.co.za/article/ethiopian-airlines-cancels-flights-to-tigray-region-after-clashes","en","False","","482","Daily Maverick","https://www.dailymaverick.co.za"
"53334478","2026-01-29 05:51:46","Ethiopia: Ethiopian Airlines Suspends Flights to Tigray Airports","https://allafrica.com/stories/202601290226.html","en","False","","1556","allafrica.com","http://allafrica.com/"
"53336333","2026-01-29 04:50:00","Ethiopian Airlines cancels Tigray flights as fresh clashes spark cash shortages - theeastafrican.co.ke","https://news.google.com/atom/articles/CBMiuAFBVV95cUxQakl6Nk1keXFuSGVjSnR3Wk41ZE5FVHI3Q2hObmo2aFpmOVNxZk1CbkVLY0VCZzFCUzVWYnRpVG1oOGZaTXhnNXBSZnBZaEdYaTVyaU5JS0hkVWc3a0lfcXlxaTBlYkVZdGdTMm9rNkxoNlVMenZ6S21NU3hnRWVQSmRUbmo3bUZ2OHlxVU4zcWhBT0ZVOE5iZVI5UWNHZXo0Ymd6eDZMeGJUQkZrWFZvLWM3YUhOeHFR?oc=5","en","False","","100","Google News","https://news.google.com/topstories?hl=en-KE&gl=KE&ceid=KE:en"
"53337671","2026-01-29 07:38:12","Ethiopian Airlines has grounded flights to Tigray as regional tensions escalate into active conflict","https://uzalendonews.co.ke/ethiopian-airlines-has-grounded-flights-to-tigray-as-regional-tensions-escalate-into-active-conflict/","en","False","","12440","Uzalendo News","https://uzalendonews.co.ke/"
"53338475","2026-01-29 08:50:47","Ethiopian Airlines cancels flights to Tigray region after clashes","https://www.ghanamma.com/2026/01/29/ethiopian-airlines-cancels-flights-to-tigray-region-after-clashes/","en","False","","1061","Ghanamma","http://ghanamma.com/"
"53345091","2026-01-29 10:00:09","Clashes between government troops and Tigrayan forces erupt in Ethiopia","https://mustaqbalmedia.net/en/clashes-between-government-troops-and-tigrayan-forces-erupt-in-ethiopia/?utm_source=rss&utm_medium=rss&utm_campaign=clashes-between-government-troops-and-tigrayan-forces-erupt-in-ethiopia","en","False","","14633","Mustaqbal Media","https://mustaqbalmedia.net/en/"
"53346283","2026-01-29 08:30:06","Ethiopian Airlines cancels flights to Tigray region after clashes","https://ntvkenya.co.ke/news/ethiopian-airlines-cancels-flights-to-tigray-region-after-clashes/","en","False","","95","NTV Kenya","https://ntv.nation.co.ke"
"53360507","2026-01-29 04:59:11","Clashes between government troops and Tigrayan forces erupt in Ethiopia","http://meskerem.net/clashes-between-government-troops-and-tigrayan-forces-erupt-in-ethiopia/?utm_source=rss&utm_medium=rss&utm_campaign=clashes-between-government-troops-and-tigrayan-forces-erupt-in-ethiopia","en","False","","10281","Welcome to Meskerem, the First Eritrean Opposition Website since 1996","http://www.meskerem.net/"
"53372896","2026-01-29 16:19:13","Renewed Clashes Erupt in Northern Ethiopia, Raising Fears Over Fragile Peace Deal","https://zehabesha.com/renewed-clashes-erupt-in-northern-ethiopia-raising-fears-over-fragile-peace-deal/","en","False","","1116","ZeHabesha","http://www.zehabesha.com/"
"53372895","2026-01-29 17:26:53","Illustration of Atrocity Crimes in Ethiopia:  Assessing Allegations of Genocide Against the Amhara People Under International Law","https://zehabesha.com/illustration-of-atrocity-crimes-in-ethiopia-assessing-allegations-of-genocide-against-the-amhara-people-under-international-law/","en","False","","1116","ZeHabesha","http://www.zehabesha.com/"
"53375223","2026-01-30 02:57:59","Ethiopian Airlines cancelling Flights to Tigray as Conflict resurge","http://meskerem.net/ethiopian-airlines-cancelling-flights-to-tigray-as-conflict-resurge/?utm_source=rss&utm_medium=rss&utm_campaign=ethiopian-airlines-cancelling-flights-to-tigray-as-conflict-resurge","en","False","","10281","Welcome to Meskerem, the First Eritrean Opposition Website since 1996","http://www.meskerem.net/"
"53375221","2026-01-30 08:55:54","Ethiopian Airlines suspends Tigray flights after clashes","http://meskerem.net/ethiopian-airlines-suspends-tigray-flights-after-clashes/?utm_source=rss&utm_medium=rss&utm_campaign=ethiopian-airlines-suspends-tigray-flights-after-clashes","en","False","","10281","Welcome to Meskerem, the First Eritrean Opposition Website since 1996","http://www.meskerem.net/"
"53379263","2026-01-31 04:30:19","Chairperson of the African Union Commission calls for maximum restraint in Tigray region, Ethiopia","https://africa24tv.com/chairperson-of-the-african-union-commission-calls-for-maximum-restraint-in-tigray-region-ethiopia","en","False","","16529","Burkina Faso","https://africa24tv.com/burkina-faso-2/"
"53380450","2026-01-31 04:30:19","Chairperson of the African Union Commission calls for maximum restraint in Tigray region, Ethiopia","https://africa24tv.com/chairperson-of-the-african-union-commission-calls-for-maximum-restraint-in-tigray-region-ethiopia","en","False","","16627","Africa24 TV","https://africa24tv.com/"
"53391587","2026-01-31 00:01:34","ፋኖ ስለ ህወሓትና ብልፅግና   ….  የጦርነቱ ውጥረት ተባብሷል","https://mereja.com/amharic-v3/7822","am","False","","1134","Mereja","https://mereja.com/amharic/v2/"
"53419716","2026-02-02 07:43:37","Deputy PM emphasizes delivery and measurable results as core principles of the ruling Prosperity Party governance","https://www.fanamc.com/english/deputy-pm-emphasizes-delivery-and-measurable-results-as-core-principles-of-the-ruling-prosperity-party-governance/?utm_source=rss&utm_medium=rss&utm_campaign=deputy-pm-emphasizes-delivery-and-measurable-results-as-core-principles-of-the-ruling-prosperity-party-governance","en","False","","13501","Live","https://www.fanabc.com/english/live/#1570532799165-c7292457-e892"
"53419732","2026-02-02 07:43:37","Deputy PM emphasizes delivery and measurable results as core principles of the ruling Prosperity Party governance","https://www.fanamc.com/english/deputy-pm-emphasizes-delivery-and-measurable-results-as-core-principles-of-the-ruling-prosperity-party-governance/?utm_source=rss&utm_medium=rss&utm_campaign=deputy-pm-emphasizes-delivery-and-measurable-results-as-core-principles-of-the-ruling-prosperity-party-governance","en","False","","1121","Fana Broadcasting Corporate S.C","https://www.fanabc.com/english/"
"53427238","2026-02-02 15:31:09","Early Warning Ignored: The Amhara Genocide in Ethiopia in Global and Comparative Perspective","https://zehabesha.com/early-warning-ignored-the-amhara-genocide-in-ethiopia-in-global-and-comparative-perspective/","en","False","","1116","ZeHabesha","http://www.zehabesha.com/"
"53428209","2026-02-02 14:48:13","Ethiopia, Saudi Arabia Commit to Deepened Regional, Political and Economic Cooperation","https://www.fanamc.com/english/ethiopia-saudi-arabia-commit-to-deepened-regional-political-and-economic-cooperation/?utm_source=rss&utm_medium=rss&utm_campaign=ethiopia-saudi-arabia-commit-to-deepened-regional-political-and-economic-cooperation","en","False","","1121","Fana Broadcasting Corporate S.C","https://www.fanabc.com/english/"
"53428208","2026-02-02 14:48:13","Ethiopia, Saudi Arabia Commit to Deepened Regional, Political and Economic Cooperation","https://www.fanamc.com/english/ethiopia-saudi-arabia-commit-to-deepened-regional-political-and-economic-cooperation/?utm_source=rss&utm_medium=rss&utm_campaign=ethiopia-saudi-arabia-commit-to-deepened-regional-political-and-economic-cooperation","en","False","","13501","Live","https://www.fanabc.com/english/live/#1570532799165-c7292457-e892"
"53431042","2026-02-02 15:48:26","Ethiopian Airlines Resumes Flights to Tigray After Five-Day","https://ethionegari.com/2026/02/02/ethiopian-airlines-resumes-flights-to-tigray-after-five-day/","en","False","","16449","Ethio Negari","https://ethionegari.com/"
"53440258","2026-02-03 04:45:00","Ethiopian Airlines resumes flights to Tigray - The EastAfrican","https://news.google.com/atom/articles/CBMiqgFBVV95cUxOWU5raDFuV3BaR29WYWNvQlBERC10azJZb3k0MlpyOTNQdEU5a3luUjczdXo4b2xYblJ2TDhJR2dHRXNlb0w2bWpWMG8yczBpVUxwejlfZzJYdEtqbmpITkhjcWoyUzlrVmptSVJ5Z0h3SkJPN090TV91YWhsX0xFcFlYakN0R05TRHJIdnhQcnlGZkkyZWx4QjA2MFVyUldSd1gzZTM5OWJZdw?oc=5","en","False","","100","Google News","https://news.google.com/topstories?hl=en-KE&gl=KE&ceid=KE:en"
"53445672","2026-02-03 09:39:30","Ethiopia PM hits out at Eritrea over atrocities in Tigray","https://www.bbc.com/news/articles/c74vpdnj301o?at_medium=RSS&at_campaign=rss","en","False","","441","BBC News Africa","https://www.bbc.com/news/world/africa"
"53445874","2026-02-03 09:39:00","Ethiopia PM hits out at Eritrea over atrocities in Tigray","https://www.bbc.com/news/articles/c74vpdnj301o?at_medium=RSS&at_campaign=rss","en","False","","510","News South Africa","https://news.co.za"
"53448059","2026-02-03 11:10:04","Ethiopia PM hits out at Eritrea over atrocities in Tigray","https://uzalendonews.co.ke/ethiopia-pm-hits-out-at-eritrea-over-atrocities-in-tigray/","en","False","","12440","Uzalendo News","https://uzalendonews.co.ke/"
"53455849","2026-02-03 13:07:15","Ethiopia’s Abiy Ahmed Accuses Eritrean Troops of Massacres in Tigray","https://thisisradionow.com/ethiopias-abiy-ahmed-accuses-eritrean-troops-of-massacres-in-tigray/","en","False","","13126","Radio Now","https://thisisradionow.com"
"53471438","2026-02-04 09:47:03","Ethiopian PM Accuses Eritrea of Atrocities in Tigray War","https://von.gov.ng/ethiopian-pm-accuses-eritrea-of-atrocities-in-tigray-war/","en","False","","161","Voice of Nigeria","https://von.gov.ng"
"53485916","2026-02-05 01:59:25","ወደ ትግራይ የሚደረግ የአውሮፕላን ጉዞ ሲቋረጥ በአውቶቡስ ወደ አዲስ አበባ የገቡ በርካታ የትግራይ ተወላጅ ወጣቶች መታሰራቸው ተሰማ","https://mereja.com/amharic-v3/8021","am","False","","1134","Mereja","https://mereja.com/amharic/v2/"
"53529286","2026-02-06 08:51:53","Prime Minister Abiy Ahmed touches down in Kombolcha city of Amhara region","https://www.fanamc.com/english/prime-minister-abiy-ahmed-touches-down-in-kombolcha-city-of-amhara-region/?utm_source=rss&utm_medium=rss&utm_campaign=prime-minister-abiy-ahmed-touches-down-in-kombolcha-city-of-amhara-region","en","False","","1121","Fana Broadcasting Corporate S.C","https://www.fanabc.com/english/"
"53529285","2026-02-06 08:51:53","Prime Minister Abiy Ahmed touches down in Kombolcha city of Amhara region","https://www.fanamc.com/english/prime-minister-abiy-ahmed-touches-down-in-kombolcha-city-of-amhara-region/?utm_source=rss&utm_medium=rss&utm_campaign=prime-minister-abiy-ahmed-touches-down-in-kombolcha-city-of-amhara-region","en","False","","13501","Live","https://www.fanabc.com/english/live/#1570532799165-c7292457-e892"
"53538582","2026-02-07 01:52:59","PM Abiy Ahmed Inaugurates Logo Hayk Resort in South Wollo Zone of Amhara Region","https://www.fanamc.com/english/pm-abiy-ahmed-inaugurates-logo-hayk-resort-in-south-wollo-zone-of-amhara-region/?utm_source=rss&utm_medium=rss&utm_campaign=pm-abiy-ahmed-inaugurates-logo-hayk-resort-in-south-wollo-zone-of-amhara-region","en","False","","1121","Fana Broadcasting Corporate S.C","https://www.fanabc.com/english/"
"53538577","2026-02-07 01:52:59","PM Abiy Ahmed Inaugurates Logo Hayk Resort in South Wollo Zone of Amhara Region","https://www.fanamc.com/english/pm-abiy-ahmed-inaugurates-logo-hayk-resort-in-south-wollo-zone-of-amhara-region/?utm_source=rss&utm_medium=rss&utm_campaign=pm-abiy-ahmed-inaugurates-logo-hayk-resort-in-south-wollo-zone-of-amhara-region","en","False","","13501","Live","https://www.fanabc.com/english/live/#1570532799165-c7292457-e892"
"53566274","2026-02-09 00:20:22","ፋኖ 8 ከተሞችን ተቆጣጠረ!ኮማንድ ፖስት አወጀ!ከባድ መሣሪያዎች ወደ ሰሜን ኢትዮጵያ ተንቀሳቀሱ!አሁን የደረሱ አዳዲስ የግንባር መረጃዎችና ዘገባዎች","https://mereja.com/amharic-v3/8124","am","False","","1134","Mereja","https://mereja.com/amharic/v2/"
"53578531","2026-02-09 09:57:55","Addis Ababa to Host AI Leadership Forum During African Union Summit Week","https://iafrica.com/addis-ababa-to-host-ai-leadership-forum-during-african-union-summit-week/","en","False","","505","iAfrica","https://iafrica.com"
"53578914","2026-02-09 09:57:00","Addis Ababa to Host AI Leadership Forum During African Union Summit Week","https://iafrica.com/addis-ababa-to-host-ai-leadership-forum-during-african-union-summit-week/","en","False","","510","News South Africa","https://news.co.za"
"53586807","2026-02-09 15:31:35","Deputy PM Temesgen meets newly elected leadership of Ethiopian Council of Gospel Believers Churches","https://www.fanamc.com/english/deputy-pm-temesgen-meets-newly-elected-leadership-of-ethiopian-council-of-gospel-believers-churches/?utm_source=rss&utm_medium=rss&utm_campaign=deputy-pm-temesgen-meets-newly-elected-leadership-of-ethiopian-council-of-gospel-believers-churches","en","False","","13501","Live","https://www.fanabc.com/english/live/#1570532799165-c7292457-e892"
"53586806","2026-02-09 15:31:35","Deputy PM Temesgen meets newly elected leadership of Ethiopian Council of Gospel Believers Churches","https://www.fanamc.com/english/deputy-pm-temesgen-meets-newly-elected-leadership-of-ethiopian-council-of-gospel-believers-churches/?utm_source=rss&utm_medium=rss&utm_campaign=deputy-pm-temesgen-meets-newly-elected-leadership-of-ethiopian-council-of-gospel-believers-churches","en","False","","1121","Fana Broadcasting Corporate S.C","https://www.fanabc.com/english/"
"53586984","2026-02-09 10:30:43","Eritrea rejects accusations from Ethiopia of military aggression in Tigray","http://meskerem.net/eritrea-rejects-accusations-from-ethiopia-of-military-aggression-in-tigray/?utm_source=rss&utm_medium=rss&utm_campaign=eritrea-rejects-accusations-from-ethiopia-of-military-aggression-in-tigray","en","False","","10281","Welcome to Meskerem, the First Eritrean Opposition Website since 1996","http://www.meskerem.net/"
"53588718","2026-02-08 23:45:11","The Architecture of Deception: Abiy Ahmed and the Politics of Pathological Lying","https://zehabesha.com/the-architecture-of-deception-abiy-ahmed-and-the-politics-of-pathological-lying/","en","False","","1116","ZeHabesha","http://www.zehabesha.com/"
"53602213","2026-02-10 08:49:39","Ethiopia’s Ruling Prosperity Party Unveils Manifesto and Electoral Symbol Ahead of 7th General Election","https://www.fanamc.com/english/ethiopias-ruling-prosperity-party-unveils-manifesto-and-electoral-symbol-ahead-of-7th-general-election/?utm_source=rss&utm_medium=rss&utm_campaign=ethiopias-ruling-prosperity-party-unveils-manifesto-and-electoral-symbol-ahead-of-7th-general-election","en","False","","1121","Fana Broadcasting Corporate S.C","https://www.fanabc.com/english/"
"53602212","2026-02-10 08:49:39","Ethiopia’s Ruling Prosperity Party Unveils Manifesto and Electoral Symbol Ahead of 7th General Election","https://www.fanamc.com/english/ethiopias-ruling-prosperity-party-unveils-manifesto-and-electoral-symbol-ahead-of-7th-general-election/?utm_source=rss&utm_medium=rss&utm_campaign=ethiopias-ruling-prosperity-party-unveils-manifesto-and-electoral-symbol-ahead-of-7th-general-election","en","False","","13501","Live","https://www.fanabc.com/english/live/#1570532799165-c7292457-e892"
"53609482","2026-02-10 13:25:34","UN rights chief sounds alarm over renewed clashes between Ethiopian army and Tigray forces","https://eastleighvoice.co.ke/ethiopia/290679/un-rights-chief-sounds-alarm-over-renewed-clashes-between-ethiopian-army-and-tigray-forces","en","False","","16532","The Eastleigh Voice News: Authentic Journalism Redefined - Kenya, Business, Sports, Opinions & health","https://eastleighvoice.co.ke/"
"53613368","2026-02-10 07:35:39","UN urges Ethiopia to de-escalate and avoid war in Tigray region","https://newbusinessethiopia.com/politics/un-urges-ethiopia-to-de-escalate-and-avoid-war-in-tigray-region/","en","False","","1105","New Business Ethiopia ","http://www.newbusinessethiopia.com/"
"53653091","2026-02-12 04:43:52","Ethiopian FM Calls for Sustained Counter‑Terrorism in Somalia and Inclusive Politics in Sudan","https://www.fanamc.com/english/ethiopian-fm-calls-for-sustained-counter%e2%80%91terrorism-in-somalia-and-inclusive-politics-in-sudan/?utm_source=rss&utm_medium=rss&utm_campaign=ethiopian-fm-calls-for-sustained-counter%25e2%2580%2591terrorism-in-somalia-and-inclusive-politics-in-sudan","en","False","","13501","Live","https://www.fanabc.com/english/live/#1570532799165-c7292457-e892"
"53653100","2026-02-12 04:43:52","Ethiopian FM Calls for Sustained Counter‑Terrorism in Somalia and Inclusive Politics in Sudan","https://www.fanamc.com/english/ethiopian-fm-calls-for-sustained-counter%e2%80%91terrorism-in-somalia-and-inclusive-politics-in-sudan/?utm_source=rss&utm_medium=rss&utm_campaign=ethiopian-fm-calls-for-sustained-counter%25e2%2580%2591terrorism-in-somalia-and-inclusive-politics-in-sudan","en","False","","1121","Fana Broadcasting Corporate S.C","https://www.fanabc.com/english/"
"53670657","2026-02-13 01:17:48","Ethiopia demonstrating practical leadership in Pan-Africanism: GCS","https://www.fanamc.com/english/ethiopia-demonstrating-practical-leadership-in-pan-africanism-gcs/?utm_source=rss&utm_medium=rss&utm_campaign=ethiopia-demonstrating-practical-leadership-in-pan-africanism-gcs","en","False","","1121","Fana Broadcasting Corporate S.C","https://www.fanabc.com/english/"
"53670656","2026-02-13 01:17:48","Ethiopia demonstrating practical leadership in Pan-Africanism: GCS","https://www.fanamc.com/english/ethiopia-demonstrating-practical-leadership-in-pan-africanism-gcs/?utm_source=rss&utm_medium=rss&utm_campaign=ethiopia-demonstrating-practical-leadership-in-pan-africanism-gcs","en","False","","13501","Live","https://www.fanabc.com/english/live/#1570532799165-c7292457-e892"
"53676455","2026-02-12 16:39:10","Tigray People’s Liberation Front Presses African leaders to act as Ethiopia truce falters","https://wardheernews.com/tigray-peoples-liberation-front-presses-african-leaders-to-act-as-ethiopia-truce-falters/","en","False","","9885","WardheerNews is the place for Somali","http://wardheernews.com/"
"53678561","2026-02-13 00:38:48","አዲስ አበባ የሚገቡ የውጭ ጋዜጠኞች በአማራ፣ ኦሮሚያ እና ትግራይ ሲካሄዱ ለቆዩና አሁንም በመካሄድ ላይ ለሚገኙ ግጭቶችና የድሮን ጥቃቶች ሽፋን እንዲሠጡ ጠየቀ።","https://mereja.com/amharic-v3/8256","am","False","","1134","Mereja","https://mereja.com/amharic/v2/"
"53692831","2026-02-13 23:00:35","How to get away with mass murder: Four tactics Ethiopia used to hide Tigray atrocities from the world","https://eastleighvoice.co.ke/ethiopia/293229/how-to-get-away-with-mass-murder-four-tactics-ethiopia-used-to-hide-tigray-atrocities-from-the-world","en","False","","16532","The Eastleigh Voice News: Authentic Journalism Redefined - Kenya, Business, Sports, Opinions & health","https://eastleighvoice.co.ke/"
"53706716","2026-02-14 12:57:43","PM Abiy Ahmed Congratulates Incumbent Barbados Prime Minister Mia Mottley on Third Term Election Victory","https://www.fanamc.com/english/pm-abiy-ahmed-congratulates-incumbent-barbados-prime-minister-mia-mottley-on-third-term-election-victory/?utm_source=rss&utm_medium=rss&utm_campaign=pm-abiy-ahmed-congratulates-incumbent-barbados-prime-minister-mia-mottley-on-third-term-election-victory","en","False","","1121","Fana Broadcasting Corporate S.C","https://www.fanabc.com/english/"
"53706715","2026-02-14 12:57:43","PM Abiy Ahmed Congratulates Incumbent Barbados Prime Minister Mia Mottley on Third Term Election Victory","https://www.fanamc.com/english/pm-abiy-ahmed-congratulates-incumbent-barbados-prime-minister-mia-mottley-on-third-term-election-victory/?utm_source=rss&utm_medium=rss&utm_campaign=pm-abiy-ahmed-congratulates-incumbent-barbados-prime-minister-mia-mottley-on-third-term-election-victory","en","False","","13501","Live","https://www.fanabc.com/english/live/#1570532799165-c7292457-e892"
"53716195","2026-02-15 10:48:22","Al-Menfi meets the UN Under-Secretary-General for Political and Peacebuilding Affairs in Addis Ababa","https://lana.gov.ly/post.php?lang=en&id=351074","en","False","","9678","وكالة الأنباء الليبية(وال)","http://www.lana-news.ly/ara"
"53716193","2026-02-15 10:48:22","Al-Menfi meets the UN Under-Secretary-General for Political and Peacebuilding Affairs in Addis Ababa","https://lana.gov.ly/post.php?lang=en&id=351074","en","False","","9681","LIBYAN NEWS AGENCY(lana)","http://www.lana-news.ly/eng"
"53725393","2026-02-15 01:07:02","ፋኖ ከትግራይ ጭኖ መጣብን (ብልፅግና)  ……  የዐብይ ውሳኔ በተጋለጠው ምስጢር","https://mereja.com/amharic-v3/8299","","False","","1134","Mereja","https://mereja.com/amharic/v2/"
"53728475","2026-02-16 03:30:43","39th Ordinary Session of AU Summit: William Ruto meets Uhuru in Ethiopia as Kenya politics heat up","https://www.tuko.co.ke/kenya/618012-39th-ordinary-session-au-summit-william-ruto-meets-uhuru-ethiopia-kenya-politics-heat-up/","en","False","","111","TUKO","https://www.tuko.co.ke"
"53760083","2026-02-17 07:10:41","Ethiopian Troops on Tigray Border Raise Fears","https://newscentraltv.com/ethiopian-troops-on-tigray-border-raise-fears/","en","False","","16766","Latest Breaking News - News Central TV | Latest Breaking News Across Africa, Daily News in Nigeria, South Africa, Ghana, Kenya a","https://newscentral.africa/"
"53807278","2026-02-18 01:58:42","የጎጃሙ ተጋድሎና ከበባውን የሰበረው ፋኖ! ኤርዶዋን በአዲስ አበባ ምን ገጠማቸው? በደቡብ ኢትዮጵያ የተቀሰቀሰው ግጭት!","https://mereja.com/amharic-v3/8388","am","False","","1134","Mereja","https://mereja.com/amharic/v2/"
"53856680","2026-02-21 04:00:55","Rights Council Urges Gov’t Investigate Civilian Casualties in Amhara, South Ethiopia","https://www.thereporterethiopia.com/49294/","en","False","","1106","The Reporter Ethiopia","https://www.thereporterethiopia.com/news"
"53856672","2026-02-21 04:00:55","Rights Council Urges Gov’t Investigate Civilian Casualties in Amhara, South Ethiopia","https://www.thereporterethiopia.com/49294/","en","False","","1111","The Reporter Ethiopia Eng","http://thereporterethiopia.com/"
"53858899","2026-02-20 23:58:49","Ethiopia faces renewed strain with Tigray and Eritrea","https://eastleighvoice.co.ke/ethiopia/298173/ethiopia-faces-renewed-strain-with-tigray-and-eritrea","en","False","","16532","The Eastleigh Voice News: Authentic Journalism Redefined - Kenya, Business, Sports, Opinions & health","https://eastleighvoice.co.ke/"
"53866688","2026-02-21 14:42:00","Ethiopia Unveils AI Innovation Hub in Addis Ababa, Aiming for Continental Leadership","https://iafrica.com/ethiopia-unveils-ai-innovation-hub-in-addis-ababa-aiming-for-continental-leadership/","en","False","","510","News South Africa","https://news.co.za"
"53872144","2026-02-21 08:07:51","“A Beach Full of Strangers, A Homeland Full of Graves: Ethiopia and the Failure of Us–Them Politics”","http://meskerem.net/a-beach-full-of-strangers-a-homeland-full-of-graves-ethiopia-and-the-failure-of-us-them-politics/?utm_source=rss&utm_medium=rss&utm_campaign=a-beach-full-of-strangers-a-homeland-full-of-graves-ethiopia-and-the-failure-of-us-them-politics","en","False","","10281","Welcome to Meskerem, the First Eritrean Opposition Website since 1996","http://www.meskerem.net/"
"53872143","2026-02-21 08:08:22","To Prime Minister Abiy Ahmed: A Peaceful Path Forward in Tigray","http://meskerem.net/to-prime-minister-abiy-ahmed-a-peaceful-path-forward-in-tigray/?utm_source=rss&utm_medium=rss&utm_campaign=to-prime-minister-abiy-ahmed-a-peaceful-path-forward-in-tigray","en","False","","10281","Welcome to Meskerem, the First Eritrean Opposition Website since 1996","http://www.meskerem.net/"
"53899747","2026-02-21 14:42:27","Ethiopia Unveils AI Innovation Hub in Addis Ababa, Aiming for Continental Leadership","https://iafrica.com/ethiopia-unveils-ai-innovation-hub-in-addis-ababa-aiming-for-continental-leadership/","en","False","","505","iAfrica","https://iafrica.com"
"53907178","2026-02-23 03:16:28","NEBE discloses seat allocations as Ethiopia prepares for 7th General Elections on June 1, 2026","https://www.fanamc.com/english/nebe-discloses-seat-allocations-as-ethiopia-prepares-for-7th-general-elections-on-june-1-2026/?utm_source=rss&utm_medium=rss&utm_campaign=nebe-discloses-seat-allocations-as-ethiopia-prepares-for-7th-general-elections-on-june-1-2026","en","False","","1121","Fana Broadcasting Corporate S.C","https://www.fanabc.com/english/"
"53907349","2026-02-23 03:16:28","NEBE discloses seat allocations as Ethiopia prepares for 7th General Elections on June 1, 2026","https://www.fanamc.com/english/nebe-discloses-seat-allocations-as-ethiopia-prepares-for-7th-general-elections-on-june-1-2026/?utm_source=rss&utm_medium=rss&utm_campaign=nebe-discloses-seat-allocations-as-ethiopia-prepares-for-7th-general-elections-on-june-1-2026","en","False","","13501","Live","https://www.fanabc.com/english/live/#1570532799165-c7292457-e892"
"53962327","2026-02-25 19:47:00","Is Ethiopia heading back to war in Tigray?","https://www.bbc.com/news/articles/cwygrnjz9wro?at_medium=RSS&at_campaign=rss","en","False","","510","News South Africa","https://news.co.za"
"53962991","2026-02-25 19:47:10","Is Ethiopia heading back to war in Tigray?","https://www.bbc.com/news/articles/cwygrnjz9wro?at_medium=RSS&at_campaign=rss","en","False","","441","BBC News Africa","https://www.bbc.com/news/world/africa"
"53965955","2026-02-26 02:24:00","Ethiopia: Over 1,000 Teachers Resign in Amhara Region, Many Reportedly Migrating to Arab States – Report","https://allafrica.com/stories/202602260120.html","en","False","","510","News South Africa","https://news.co.za"
"53966138","2026-02-26 02:24:00","Ethiopia: Tigray Trade and Export Agency Says Fuel Supply to Region Completely Cut Off Since January","https://allafrica.com/stories/202602260119.html","en","False","","1556","allafrica.com","http://allafrica.com/"
"53966345","2026-02-26 02:59:46","Is Ethiopia heading back to war in Tigray?","https://uzalendonews.co.ke/is-ethiopia-heading-back-to-war-in-tigray/","en","False","","12440","Uzalendo News","https://uzalendonews.co.ke/"
"54003978","2026-02-27 09:23:00","Ethiopia: INSA Warns of Widespread Whatsapp Cyberattacks Exploiting Seventh General Election","https://allafrica.com/stories/202602270614.html","en","False","","1556","allafrica.com","http://allafrica.com/"
"54014458","2026-02-27 22:57:27","Ethiopia&#039;s Tigray region could be on the brink of war, again","https://eastleighvoice.co.ke/ethiopia/302620/ethiopias-tigray-region-could-be-on-the-brink-of-war-again","en","False","","16532","The Eastleigh Voice News: Authentic Journalism Redefined - Kenya, Business, Sports, Opinions & health","https://eastleighvoice.co.ke/"
"54014795","2026-02-27 04:53:44","MOUs in defense, COP32, agriculture, media, investment and anti-corruption advance cooperation between Ethiopia and Azerbaijan","https://www.fanamc.com/english/mous-in-defense-cop32-agriculture-media-investment-and-anti-corruption-advance-cooperation-between-ethiopia-and-azerbaijan/?utm_source=rss&utm_medium=rss&utm_campaign=mous-in-defense-cop32-agriculture-media-investment-and-anti-corruption-advance-cooperation-between-ethiopia-and-azerbaijan","en","False","","13501","Live","https://www.fanabc.com/english/live/#1570532799165-c7292457-e892"
"54020096","2026-02-28 01:17:39","Somali lawmakers accuse Ethiopian AU troops of meddling in local Politics in Buurhakaba.","https://mustaqbalmedia.net/en/somali-lawmakers-accuse-ethiopian-au-troops-of-meddling-in-local-politics-in-buurhakaba/?utm_source=rss&utm_medium=rss&utm_campaign=somali-lawmakers-accuse-ethiopian-au-troops-of-meddling-in-local-politics-in-buurhakaba","en","False","","14633","Mustaqbal Media","https://mustaqbalmedia.net/en/"
"54020829","2026-02-27 04:53:44","MOUs in defense, COP32, agriculture, media, investment and anti-corruption advance cooperation between Ethiopia and Azerbaijan","https://www.fanamc.com/english/mous-in-defense-cop32-agriculture-media-investment-and-anti-corruption-advance-cooperation-between-ethiopia-and-azerbaijan/?utm_source=rss&utm_medium=rss&utm_campaign=mous-in-defense-cop32-agriculture-media-investment-and-anti-corruption-advance-cooperation-between-ethiopia-and-azerbaijan","en","False","","1121","Fana Broadcasting Corporate S.C","https://www.fanabc.com/english/"
"54021941","2026-02-28 04:22:41","ኢትዮጵያ በምታካሂደው በ7ኛው ጠቅላላ ምርጫ ሂደት ተፎካካሪ ፓርቲዎችና ሕዝቡ ንቁና ፍትሃዊ ተሳትፎ እንዲያደርጉ ሚዲያዎች ከፍተኛ ድርሻ እንዳላቸው ተገለጸ","https://www.amn.gov.et/blog/39396/","am","False","","13054","ADDIS MEDIA NETWORK | አዲስ ሚድያ ኔትወርክ","https://www.amn.gov.et/"
"54022143","2026-02-28 04:22:41","ኢትዮጵያ በምታካሂደው በ7ኛው ጠቅላላ ምርጫ ሂደት ተፎካካሪ ፓርቲዎችና ሕዝቡ ንቁና ፍትሃዊ ተሳትፎ እንዲያደርጉ ሚዲያዎች ከፍተኛ ድርሻ እንዳላቸው ተገለጸ","https://www.amn.gov.et/blog/39396/","am","False","","13497","ኤፍ ኤም 96.3 - ADDIS MEDIA NETWORK","https://www.amn.gov.et/?page_id=16"
"54048466","2026-03-01 13:17:06","Ethiopian troops blamed for political meddling in Somalia","https://mareeg.com/ethiopian-troops-blamed-for-political-meddling-in-somalia/","en","False","","10222","Af Soomaali Archives * soomaaliya","https://mareeg.com/news/soomaali/"
"54048468","2026-03-01 13:17:06","Ethiopian troops blamed for political meddling in Somalia","https://mareeg.com/ethiopian-troops-blamed-for-political-meddling-in-somalia/","en","False","","10221","Mareeg.com somalia, World News and Opinion. * Mareeg.com - is independent news website. Read All Africa news and the World -soma","https://mareeg.com/"
"54048467","2026-03-01 13:17:06","Ethiopian troops blamed for political meddling in Somalia","https://mareeg.com/ethiopian-troops-blamed-for-political-meddling-in-somalia/","en","False","","10220","Mareeg العربية Archives * Somali-Somalia news, latest news, breaking news, Somalia today, Somalia live news,Mogadishu news","https://mareeg.com/news/mareeeg-arabic/"
"54099799","2026-03-03 13:17:14","Who Is Behind the Alleged Genocide Against Christian (Amhara) Communities in East Arsi, Ethiopia? – and When Will this Stop?","http://meskerem.net/who-is-behind-the-alleged-genocide-against-christian-amhara-communities-in-east-arsi-ethiopia-and-when-will-this-stop/?utm_source=rss&utm_medium=rss&utm_campaign=who-is-behind-the-alleged-genocide-against-christian-amhara-communities-in-east-arsi-ethiopia-and-when-will-this-stop","en","False","","10281","Welcome to Meskerem, the First Eritrean Opposition Website since 1996","http://www.meskerem.net/"
"54168628","2026-03-06 09:32:00","Éthiopie : Le PM Abiy Ahmed rejette les accusations du TPLF et appelle au dialogue","https://www.linfodrome.com/international/119057-ethiopie-le-pm-abiy-ahmed-rejette-les-accusations-du-tplf-et-appelle-au-dialogue","fr","False","","10047","L'actualité ivoirienne indépendante de Côte d'Ivoire | Linfodrome","https://www.linfodrome.com/"
"54229167","2026-03-09 11:14:28","Diagnosing the State: A Psychiatric Framework for Understanding Political Disorder in Ethiopia","https://zehabesha.com/diagnosing-the-state-a-psychiatric-framework-for-understanding-political-disorder-in-ethiopia/","en","False","","1116","ZeHabesha","http://www.zehabesha.com/"
"54262554","2026-03-11 03:32:08","Prime Minister Abiy Ahmed names new leadership for Addis Ababa Police Commission","https://www.fanamc.com/english/prime-minister-abiy-ahmed-names-new-leadership-for-addis-ababa-police-commission/?utm_source=rss&utm_medium=rss&utm_campaign=prime-minister-abiy-ahmed-names-new-leadership-for-addis-ababa-police-commission","en","False","","13501","Live","https://www.fanabc.com/english/live/#1570532799165-c7292457-e892"
"54262564","2026-03-11 03:32:08","Prime Minister Abiy Ahmed names new leadership for Addis Ababa Police Commission","https://www.fanamc.com/english/prime-minister-abiy-ahmed-names-new-leadership-for-addis-ababa-police-commission/?utm_source=rss&utm_medium=rss&utm_campaign=prime-minister-abiy-ahmed-names-new-leadership-for-addis-ababa-police-commission","en","False","","1121","Fana Broadcasting Corporate S.C","https://www.fanabc.com/english/"
"54284070","2026-03-11 09:34:53","የኢትዮጵያ ብሄራዊ ምርጫ ቦርድ ሴንተር ፎር ኢምፓወርመንት ኢትዮጵያ ጋር በመተባበር በጎፋ ዞን ለሲቪክ ማህበራት ስልጠና ሰጠ","https://srta.gov.et/?p=16671","am","False","","16500","South Radio and Television Agency","http://www.srta.gov.et/"
"54339500","2026-03-14 08:08:56","Ethiopia&#039;s 2026 election under shadows of domestic turmoil, maritime ambitions","https://eastleighvoice.co.ke/ethiopia/312809/ethiopias-2026-election-under-shadows-of-domestic-turmoil-maritime-ambitions","en","False","","16532","The Eastleigh Voice News: Authentic Journalism Redefined - Kenya, Business, Sports, Opinions & health","https://eastleighvoice.co.ke/"
"54404776","2026-03-17 10:23:08","Ethiopia Welcomes AU Pre-Election Mission, Pledges Full Cooperation","https://www.fanamc.com/english/ethiopia-welcomes-au-pre-election-mission-pledges-full-cooperation/?utm_source=rss&utm_medium=rss&utm_campaign=ethiopia-welcomes-au-pre-election-mission-pledges-full-cooperation","en","False","international relations, politics and government, elections, united states politics and government, united states international relations","13501","Live","https://www.fanabc.com/english/live/#1570532799165-c7292457-e892"
"54404777","2026-03-17 10:23:08","Ethiopia Welcomes AU Pre-Election Mission, Pledges Full Cooperation","https://www.fanamc.com/english/ethiopia-welcomes-au-pre-election-mission-pledges-full-cooperation/?utm_source=rss&utm_medium=rss&utm_campaign=ethiopia-welcomes-au-pre-election-mission-pledges-full-cooperation","en","False","international relations, politics and government, elections, united states politics and government, united states international relations","1121","Fana Broadcasting Corporate S.C","https://www.fanabc.com/english/"
"54443061","2026-03-17 13:56:24","We Will See a Democratic Elections in Africa, Especially in Ethiopia, When Pigs Fly!","https://zehabesha.com/we-will-see-a-democratic-elections-in-africa-especially-in-ethiopia-when-pigs-fly/","en","False","politics and government, elections, united states politics and government, legislatures and parliaments, editorials","1116","ZeHabesha","http://www.zehabesha.com/"
"54491852","2026-03-21 05:50:14","Israel begins arrests of Ethiopian asylum seekers, plans to deport 8,000 from April – report","https://eastleighvoice.co.ke/ethiopia/317258/israel-begins-arrests-of-ethiopian-asylum-seekers-plans-to-deport-8000-from-april-report","en","False","immigration and refugees","16532","The Eastleigh Voice News: Authentic Journalism Redefined - Kenya, Business, Sports, Opinions & health","https://eastleighvoice.co.ke/"
"54503200","2026-03-21 05:50:25","M-Pesa Ethiopia Signs Amhara Tax Payment Deal","https://ethionegari.com/2026/03/21/m-pesa-ethiopia-signs-amhara-tax-payment-deal/","en","False","finances, taxation","16449","Ethio Negari","https://ethionegari.com/"
"54527497","2026-03-23 05:23:56","M-PESA Ethiopia Partners Amhara Bureau to Enable Digital Tax Payments","https://techafricanews.com/2026/03/23/m-pesa-ethiopia-partners-amhara-bureau-to-enable-digital-tax-payments/","en","False","finances, taxation, computers and the internet","15112","TechAfrica News","https://www.techafricanews.com/"
"54639594","2026-03-27 18:20:35","Ethiopia Heads to Elections Amid War and Instability","https://www.ethiopia-insight.com/2026/03/28/ethiopia-heads-to-elections-amid-war-and-instability/?utm_source=rss&utm_medium=rss&utm_campaign=ethiopia-heads-to-elections-amid-war-and-instability&utm_source=rss&utm_medium=rss&utm_campaign=ethiopia-heads-to-elections-amid-war-and-instability","en","False","international relations, politics and government, elections, united states politics and government, united states international relations, civil war and guerrilla warfare, armament, defense and military forces, war and revolution","4926","Ethiopia Insight","https://www.ethiopia-insight.com/"
"54649776","2026-03-28 12:59:09","Ethiopia Election Board Allocates Free Media Airtime for Political Parties","https://newbusinessethiopia.com/politics/ethiopia-election-board-allocates-free-media-airtime-for-political-parties/","en","False","politics and government, elections","1105","New Business Ethiopia ","http://www.newbusinessethiopia.com/"
"54651122","2026-03-29 00:30:29","Prosperity Party skips Tigray, leaves key opposition constituencies uncontested in Amhara, Addis Ababa","https://eastleighvoice.co.ke/ethiopia/322261/prosperity-party-skips-tigray-leaves-key-opposition-constituencies-uncontested-in-amhara-addis-ababa","en","False","politics and government, elections, legislatures and parliaments, books and literature","16532","The Eastleigh Voice News: Authentic Journalism Redefined - Kenya, Business, Sports, Opinions & health","https://eastleighvoice.co.ke/"
"54651495","2026-03-27 10:13:35","Ethiopia’s National Dialogue Commission to Hold Tigray Region Agenda-Setting Process in Addis Ababa","https://www.fanamc.com/english/ethiopias-national-dialogue-commission-to-hold-tigray-region-agenda-setting-process-in-addis-ababa/?utm_source=rss&utm_medium=rss&utm_campaign=ethiopias-national-dialogue-commission-to-hold-tigray-region-agenda-setting-process-in-addis-ababa","en","False","politics and government","13501","Live","https://www.fanabc.com/english/live/#1570532799165-c7292457-e892"
"54654223","2026-03-28 12:59:09","Ethiopia Election Board Allocates Free Media Airtime for Political Parties","http://meskerem.net/ethiopia-election-board-allocates-free-media-airtime-for-political-parties/?utm_source=rss&utm_medium=rss&utm_campaign=ethiopia-election-board-allocates-free-media-airtime-for-political-parties","en","False","news and news media, media, politics and government, elections, united states politics and government","10281","Welcome to Meskerem, the First Eritrean Opposition Website since 1996","http://www.meskerem.net/"
"54665183","2026-03-29 13:43:26","Targeted And Forgotten: The Persecution, Displacement, Mass Killing, and Mass Arrest of the Amhara People in Ethiopia","http://meskerem.net/targeted-and-forgotten-the-persecution-displacement-mass-killing-and-mass-arrest-of-the-amhara-people-in-ethiopia/?utm_source=rss&utm_medium=rss&utm_campaign=targeted-and-forgotten-the-persecution-displacement-mass-killing-and-mass-arrest-of-the-amhara-people-in-ethiopia","en","False","politics and government","10281","Welcome to Meskerem, the First Eritrean Opposition Website since 1996","http://www.meskerem.net/"
"54689985","2026-03-31 01:45:30","Ethiopia Advancing Institutional Reforms to Strengthen Democratic Governance: GCS","https://www.fanamc.com/english/ethiopia-advancing-institutional-reforms-to-strengthen-democratic-governance-gcs/?utm_source=rss&utm_medium=rss&utm_campaign=ethiopia-advancing-institutional-reforms-to-strengthen-democratic-governance-gcs","en","False","politics and government","13501","Live","https://www.fanabc.com/english/live/#1570532799165-c7292457-e892"
"54704941","2026-03-31 11:53:09","Ethiopia: Failed Fuel Delivery Prompts New Allocation Rules, Crackdown On Underground Trade","https://allafrica.com/stories/202603310562.html","en","False","prices (fares, fees and rates), international trade and world market, politics and government","1556","allafrica.com","http://allafrica.com/"
"54724266","2026-04-01 08:46:33","Eight Years of Reform: How Ethiopia’s Governance and Politics Transformed Under PM Abiy Ahmed","https://www.fanamc.com/english/eight-years-of-reform-how-ethiopias-governance-and-politics-transformed-under-pm-abiy-ahmed/?utm_source=rss&utm_medium=rss&utm_campaign=eight-years-of-reform-how-ethiopias-governance-and-politics-transformed-under-pm-abiy-ahmed","en","False","politics and government, freedom and human rights, prisons and prisoners, political prisoners","13501","Live","https://www.fanabc.com/english/live/#1570532799165-c7292457-e892"
"54807167","2026-04-06 01:08:00","Ethiopia: CSOs Step Up Voter Education, Monitoring Ahead of Ethiopia’s 7th General Election","https://allafrica.com/stories/202604060041.html","en","False","politics and government, elections","510","News South Africa","https://news.co.za"
"54839017","2026-04-07 11:36:04","Ethiopia Calls for Inclusive Red Sea Governance at RESGA IV Dialogue","https://ethionegari.com/2026/04/07/ethiopia-calls-for-inclusive-red-sea-governance-at-resga-iv-dialogue/","en","False","economic conditions and trends, international relations, international trade and world market, politics and government, united states politics and government, united states international relations, armament, defense and military forces, united states armament and defense, terrorism","16449","Ethio Negari","https://ethionegari.com/"
"54849078","2026-04-07 12:12:11","Ethiopia: A Nation Set Alight – War, Economic Ruin, Propaganda, and the June 2026 Sham Election","http://meskerem.net/ethiopia-a-nation-set-alight-war-economic-ruin-propaganda-and-the-june-2026-sham-election/?utm_source=rss&utm_medium=rss&utm_campaign=ethiopia-a-nation-set-alight-war-economic-ruin-propaganda-and-the-june-2026-sham-election","en","False","economic conditions and trends, international relations, politics and government, elections, united states politics and government","10281","Welcome to Meskerem, the First Eritrean Opposition Website since 1996","http://www.meskerem.net/"
"54849758","2026-04-07 12:19:36","Ethiopia Advocates Inclusive Red Sea Governance to Tackle Piracy, Terrorism, and Arms Trafficking”","https://www.fanamc.com/english/ethiopia-advocates-inclusive-red-sea-governance-to-tackle-piracy-terrorism-and-arms-trafficking/?utm_source=rss&utm_medium=rss&utm_campaign=ethiopia-advocates-inclusive-red-sea-governance-to-tackle-piracy-terrorism-and-arms-trafficking","en","False","international relations, politics and government, united states international relations, armament, defense and military forces","13501","Live","https://www.fanabc.com/english/live/#1570532799165-c7292457-e892"
"54869513","2026-04-08 11:02:44","Ethiopian Ethnic Politics: The “Screw Me Alright, But Screw My Adversaries More” Calculus","http://meskerem.net/ethiopian-ethnic-politics-the-screw-me-alright-but-screw-my-adversaries-more-calculus/?utm_source=rss&utm_medium=rss&utm_campaign=ethiopian-ethnic-politics-the-screw-me-alright-but-screw-my-adversaries-more-calculus","en","False","politics and government, quotation of the day","10281","Welcome to Meskerem, the First Eritrean Opposition Website since 1996","http://www.meskerem.net/"
